key,name,teachers,students,type,LEVEL,NSLP,free_lunch,reduced_price_lunch,aided_lunch_total,direct_cert_total,GSLO,GSHI,PreK,K,G01,G02,G03,G04,G05,G06,G07,G08,G09,G10,G11,G12,Adult,UNG,NS,magnet,CHARTER,VIRTUAL,MZIP,MZIP4,PHONE,WEBSITE,CD,state,latitude,longitude,Elevation_m,Source
370003102323,Children's Village Academy,7.18,174,Regular School,Elementary,NSLPWOPRO,186,0,186,0,KG,08,0,15,22,17,22,26,17,32,15,23,0,0,0,0,0,0,0,No,Yes,NOTVIRTUAL,28502,2206,(252)939-1958,http://www.cvatigers.com/,3703,NC,35.265662,-77.565081,11.77,3DEP 1/3 arc-second
370003802343,Arapahoe Charter School,35.21,525,Regular School,Other,NSLPWOPRO,227,64,291,0,KG,12,0,41,42,44,52,50,51,49,49,47,41,27,38,35,0,0,0,No,Yes,NOTVIRTUAL,28510,,(252)249-2599,http://www.arapahoecharter.org,3703,NC,35.012253,-76.821202,12.06,3DEP 1/3 arc-second
370005202371,Tiller School,16.1,170,Regular School,Elementary,NSLPWOPRO,30,0,30,0,KG,05,0,36,37,36,33,32,32,0,0,0,0,0,0,0,0,0,0,No,Yes,NOTVIRTUAL,28516,,(252)728-1995,http://www.tillerschool.org,3703,NC,34.735259,-76.634586,3.13,3DEP 1/3 arc-second
370010102502,Washington Montessori,34.31,358,Regular School,Other,NSLPWOPRO,32,0,32,0,KG,12,0,50,43,43,36,41,40,29,41,25,20,17,20,3,0,0,0,No,Yes,NOTVIRTUAL,27889,,(252)946-1977,http://wmpcs.org,3703,NC,35.539819,-76.979612,8.39,3DEP 1/3 arc-second
370039403360,Northeast Academy of Aerospace & AdvTech,19.86,351,Regular School,Secondary,NSLPWOPRO,38,0,38,0,07,11,0,0,0,0,0,0,0,0,83,82,70,62,54,0,0,0,0,No,Yes,NOTVIRTUAL,27906,,(252)562-0653,http://www.northeastacademy.org/,3703,NC,36.278800000000004,-76.212132,2.74,3DEP 1/3 arc-second
370039603370,Winterville Charter Academy,29.64,512,Regular School,Elementary,NSLPWOPRO,214,62,276,0,KG,07,0,87,85,80,82,78,63,77,47,0,0,0,0,0,0,0,0,No,Yes,NOTVIRTUAL,28590,,(252)689-6153,http://www.nhaschools.com/schools/winterville/en/pages/default.aspx,3703,NC,35.552913000000004,-77.367632,18.06,3DEP 1/3 arc-second
370060000246,Camden County High,35.89,423,Regular School,High,NSLPWOPRO,69,27,96,0,09,12,0,0,0,0,0,0,0,0,0,0,111,106,102,104,0,0,0,No,No,NOTVIRTUAL,27921,9009,(252)338-0114,http://www.camden.k12.nc.us/cchs/index.html,3703,NC,36.327195,-76.171966,2.25,3DEP 1/3 arc-second
370060000247,Camden Middle,21.77,274,Regular School,Middle,NSLPWOPRO,46,22,68,0,07,08,0,0,0,0,0,0,0,0,131,143,0,0,0,0,0,0,0,No,No,NOTVIRTUAL,27921,7615,(252)338-3349,http://www.camden.k12.nc.us/cms/CMSWeb/index.html,3703,NC,36.361325,-76.174125,1.51,3DEP 1/3 arc-second
370060000248,Grandy Primary,33.65,362,Regular School,Elementary,NSLPWOPRO,116,53,169,0,PK,03,47,120,126,117,119,0,0,0,0,0,0,0,0,0,0,0,0,No,No,NOTVIRTUAL,27921,,(252)331-4838,http://www.camden.k12.nc.us/gps/index.htm,3703,NC,36.333329,-76.182468,1.91,3DEP 1/3 arc-second
370060002977,Camden Intermediate,27.35,468,Regular School,Middle,NSLPWOPRO,84,39,123,0,04,06,0,0,0,0,0,148,153,167,0,0,0,0,0,0,0,0,0,No,No,NOTVIRTUAL,27921,,(252)335-7808,,3703,NC,36.331671,-76.182754,2.22,3DEP 1/3 arc-second
370060003391,Camden Early College High,9,170,Regular School,High,NSLPWOPRO,22,16,38,0,09,13,0,0,0,0,0,0,0,0,0,0,57,51,35,27,0,0,0,No,No,NOTVIRTUAL,27921,,(252)335-7219,http://ccsnc.org/,3703,NC,36.327277,-76.171887,2.31,3DEP 1/3 arc-second
370063000249,Atlantic Elementary,9.92,67,Regular School,Elementary,NSLPWOPRO,45,12,57,0,PK,05,9,15,16,12,14,10,15,0,0,0,0,0,0,0,0,0,0,No,No,NOTVIRTUAL,28511,0098,(252)225-3961,http://www.carteretcountyschools.org/aes,3703,NC,34.883128,-76.342431,5.22,3DEP 1/3 arc-second
370063000250,Beaufort Elementary,36.99,371,Regular School,Elementary,NSLPWOPRO,247,37,284,0,PK,05,14,62,79,65,71,81,75,0,0,0,0,0,0,0,0,0,0,No,No,NOTVIRTUAL,28516,1997,(252)728-3316,http://www.carteretcountyschools.org/bes,3703,NC,34.730025000000005,-76.64429700000001,3.32,3DEP 1/3 arc-second
370063000251,Beaufort Middle,21.5,276,Regular School,Middle,NSLPWOPRO,115,22,137,0,06,08,0,0,0,0,0,0,0,97,83,96,0,0,0,0,0,0,0,No,No,NOTVIRTUAL,28516,1590,(252)728-4520,http://www.carteretcountyschools.org/bms,3703,NC,34.729683,-76.646861,3.63,3DEP 1/3 arc-second
370063000253,East Carteret High,43.1,567,Regular School,High,NSLPWOPRO,194,35,229,0,09,12,0,0,0,0,0,0,0,0,0,0,152,130,154,131,0,0,0,No,No,NOTVIRTUAL,28516,,(252)728-3514,http://www.carteretcountyschools.org/echs,3703,NC,34.781482000000004,-76.631793,1.63,3DEP 1/3 arc-second
370063000254,Harkers Island Elementary,6.89,89,Regular School,Elementary,NSLPWOPRO,41,8,49,0,KG,05,0,21,13,19,16,17,24,0,0,0,0,0,0,0,0,0,0,No,No,NOTVIRTUAL,28531,9669,(252)728-3755,http://www.carteretcountyschools.org/hies,3703,NC,34.694057,-76.552041,2.3,3DEP 1/3 arc-second
370063000255,Morehead City Middle,37.4,503,Regular School,Middle,NSLPWOPRO,166,26,192,0,06,08,0,0,0,0,0,0,0,159,173,171,0,0,0,0,0,0,0,No,No,NOTVIRTUAL,28557,3399,(252)726-1126,http://www.carteretcountyschools.org/mms,3703,NC,34.732569,-76.741203,3.42,3DEP 1/3 arc-second
370063000257,Newport Elementary,58.2,607,Regular School,Elementary,NSLPWOPRO,406,60,466,0,PK,05,14,117,103,126,124,129,125,0,0,0,0,0,0,0,0,0,0,No,No,NOTVIRTUAL,28570,8514,(252)223-4201,http://www.carteretcountyschools.org/nes,3703,NC,34.790802,-76.85991800000001,8.01,3DEP 1/3 arc-second
370063000258,Down East Middle and Smyrna Elementary,23.36,240,Regular School,Elementary,NSLPWOPRO,104,18,122,0,PK,08,14,19,14,12,15,12,15,55,75,42,0,0,0,0,0,0,0,No,No,NOTVIRTUAL,28579,,(252)729-2301,http://www.carteretcountyschools.org/ses,3703,NC,34.757789,-76.52856200000001,1.98,3DEP 1/3 arc-second
370063000259,West Carteret High,77.53,1262,Regular School,High,NSLPWOPRO,389,69,458,0,09,12,0,0,0,0,0,0,0,0,0,0,309,335,333,285,0,0,0,No,No,NOTVIRTUAL,28557,6218,(252)726-1176,http://www.carteretcountyschools.org/wchs,3703,NC,34.737347,-76.78587,6.81,3DEP 1/3 arc-second
370063000260,White Oak Elementary,51.28,684,Regular School,Elementary,NSLPWOPRO,183,27,210,0,PK,05,14,117,129,143,139,140,133,0,0,0,0,0,0,0,0,0,0,No,No,NOTVIRTUAL,28584,9299,(252)393-3990,http://www.carteretcountyschools.org/woes,3703,NC,34.693883,-77.059415,4.63,3DEP 1/3 arc-second
370063001042,Morehead Elem at Camp Glenn,22.03,296,Regular School,Elementary,NSLPWOPRO,117,12,129,0,04,05,0,0,0,0,0,131,165,0,0,0,0,0,0,0,0,0,0,No,No,NOTVIRTUAL,28557,3204,(252)726-1131,http://www.carteretcountyschools.org/mes,3703,NC,34.725331000000004,-76.749454,6.72,3DEP 1/3 arc-second
370063001044,Morehead City Primary,44.7,408,Regular School,Elementary,NSLPWOPRO,253,28,281,0,PK,03,14,163,140,139,129,0,0,0,0,0,0,0,0,0,0,0,0,No,No,NOTVIRTUAL,28557,6213,(252)247-2448,http://www.carteretcountyschools.org/mcp,3703,NC,34.733777,-76.77771800000001,5.43,3DEP 1/3 arc-second
370063002205,Broad Creek Middle,41.07,635,Regular School,Middle,NSLPWOPRO,144,34,178,0,06,08,0,0,0,0,0,0,0,207,222,206,0,0,0,0,0,0,0,No,No,NOTVIRTUAL,28570,8185,(252)247-3135,http://www.carteretcountyschools.org/bcms,3703,NC,34.729749,-76.913808,9.35,3DEP 1/3 arc-second
370063002368,Bogue Sound Elementary,36.49,370,Regular School,Elementary,NSLPWOPRO,169,44,213,0,PK,05,14,70,60,66,80,80,84,0,0,0,0,0,0,0,0,0,0,No,No,NOTVIRTUAL,28570,5503,(252)393-1279,http://www.carteretcountyschools.org/bse,3703,NC,34.718734,-76.950757,8.24,3DEP 1/3 arc-second
370063002369,Croatan High,56.07,900,Regular School,High,NSLPWOPRO,163,35,198,0,09,12,0,0,0,0,0,0,0,0,0,0,236,210,241,213,0,0,0,No,No,NOTVIRTUAL,28570,5560,(252)393-7022,http://www.carteretcountyschools.org/chs,3703,NC,34.716121,-76.95034700000001,7.7,3DEP 1/3 arc-second
370063002572,Newport Middle,30.01,405,Regular School,Middle,NSLPWOPRO,196,31,227,0,06,08,0,0,0,0,0,0,0,136,145,124,0,0,0,0,0,0,0,No,No,NOTVIRTUAL,28570,7967,(252)223-3482,http://www.carteretcountyschools.org/nms,3703,NC,34.773744,-76.86158900000001,9.42,3DEP 1/3 arc-second
370063003317,Bridges School,8,28,Alternative School,Other,NSLPWOPRO,17,2,19,0,KG,12,0,0,0,1,2,2,2,3,3,2,5,7,0,1,0,0,0,No,No,NOTVIRTUAL,28557,,(252)808-3040,,3703,NC,34.738530000000004,-76.789486,6.28,3DEP 1/3 arc-second
370032903264,Water's Edge Village School,4,30,Regular School,Elementary,NSLPWOPRO,3,0,3,0,KG,08,0,4,3,4,7,4,5,2,4,1,0,0,0,0,0,0,0,No,Yes,NOTVIRTUAL,27927,0215,(252)453-4502,http://www.WatersEdgeVillageSchool.com,3703,NC,36.378260000000004,-75.832051,2,3DEP 1/3 arc-second
370033000091,Bath Elementary,39.08,515,Regular School,Elementary,NSLPWOPRO,568,0,568,0,KG,08,0,57,67,54,73,68,61,58,68,66,0,0,0,0,0,0,0,No,No,NOTVIRTUAL,27808,,(252)923-3251,http://beaufort.bath.schoolfusion.us/,3703,NC,35.475394,-76.810854,3.92,3DEP 1/3 arc-second
370033000098,S W Snowden Elementary,16.04,137,Regular School,Elementary,NSLPWOPRO,166,0,166,0,PK,08,18,14,17,24,22,10,19,12,16,17,0,0,0,0,0,0,0,No,No,NOTVIRTUAL,27806,9243,(252)322-5351,http://beaufort.sws.schoolfusion.us/,3703,NC,35.306786,-76.792874,2.92,3DEP 1/3 arc-second
370033001360,B C Ed Tech Center,7,50,Alternative School,High,NSLPWOPRO,47,0,47,0,06,12,0,0,0,0,0,0,0,0,1,2,9,20,14,4,0,0,0,No,No,NOTVIRTUAL,27899,,(252)946-5382,http://beaufort.etc.schoolfusion.us/,3703,NC,35.544207,-77.048716,1.11,3DEP 1/3 arc-second
370033001922,Eastern Elementary,45,266,Regular School,Elementary,NSLPWOPRO,616,0,616,0,PK,01,88,265,266,0,0,0,0,0,0,0,0,0,0,0,0,0,0,No,No,NOTVIRTUAL,27889,3861,(252)946-1611,http://beaufort.ees.schoolfusion.us/,3703,NC,35.545696,-77.034918,8.79,3DEP 1/3 arc-second
370033001923,John C Tayloe Elementary,40,515,Regular School,Elementary,NSLPWOPRO,512,0,512,0,02,03,0,0,0,266,249,0,0,0,0,0,0,0,0,0,0,0,0,No,No,NOTVIRTUAL,27889,4126,(252)946-3350,http://beaufort.jct.schoolfusion.us/,3703,NC,35.558601,-77.064499,3.48,3DEP 1/3 arc-second
370033001924,John Small Elementary,38,535,Regular School,Elementary,NSLPWOPRO,527,0,527,0,04,05,0,0,0,0,0,268,267,0,0,0,0,0,0,0,0,0,0,No,No,NOTVIRTUAL,27889,,(252)946-3941,http://beaufort.jss.schoolfusion.us/,3703,NC,35.600183,-77.032483,13.87,3DEP 1/3 arc-second
370033001925,P S Jones Middle,50,765,Regular School,Middle,NSLPWOPRO,759,0,759,0,06,08,0,0,0,0,0,0,0,270,251,244,0,0,0,0,0,0,0,No,No,NOTVIRTUAL,27889,4526,(252)946-0874,http://beaufort.psj.schoolfusion.us/,3703,NC,35.599598,-77.03460700000001,13.52,3DEP 1/3 arc-second
370033001926,Washington High,63.94,1004,Regular School,High,NSLPWOPRO,983,0,983,0,09,12,0,0,0,0,0,0,0,0,0,0,266,268,236,234,0,0,0,No,No,NOTVIRTUAL,27889,9467,(252)946-0858,http://beaufort.whs.schoolfusion.us/,3703,NC,35.557454,-77.01352200000001,10.72,3DEP 1/3 arc-second
370033002106,Chocowinity Primary,36.84,396,Regular School,Elementary,NSLPWOPRO,526,0,526,0,PK,04,33,100,100,100,112,84,0,0,0,0,0,0,0,0,0,0,0,No,No,NOTVIRTUAL,27817,,(252)946-3881,http://beaufort.cps.schoolfusion.us/,3703,NC,35.498655,-77.09473200000001,10.96,3DEP 1/3 arc-second
370033002224,Northside High,33,437,Regular School,High,NSLPWOPRO,432,0,432,0,09,12,0,0,0,0,0,0,0,0,0,0,121,109,109,98,0,0,0,No,No,NOTVIRTUAL,27865,,(252)943-6341,http://beaufort.nhs.schoolfusion.us/,3703,NC,35.536645,-76.730123,3.79,3DEP 1/3 arc-second
370033002503,Chocowinity Middle,26.31,410,Regular School,Middle,NSLPWOPRO,407,0,407,0,05,08,0,0,0,0,0,0,112,98,101,99,0,0,0,0,0,0,0,No,No,NOTVIRTUAL,27817,,(252)946-6191,http://beaufort.cms.schoolfusion.us/,3703,NC,35.509603,-77.10196400000001,11.19,3DEP 1/3 arc-second
370033002504,Southside High,33,443,Regular School,High,NSLPWOPRO,429,0,429,0,09,12,0,0,0,0,0,0,0,0,0,0,99,107,115,122,0,0,0,No,No,NOTVIRTUAL,27817,,(252)940-1881,http://beaufort.shs.schoolfusion.us/,3703,NC,35.446222,-77.057229,10.02,3DEP 1/3 arc-second
370033002568,Northeast Elementary,36.89,401,Regular School,Elementary,NSLPWOPRO,464,0,464,0,PK,08,29,37,47,45,46,59,57,52,47,48,0,0,0,0,0,0,0,No,No,NOTVIRTUAL,27865,,(252)943-6545,http://beaufort.nes.schoolfusion.us/,3703,NC,35.53829,-76.709383,3.8,3DEP 1/3 arc-second
370033003011,Beaufort Co Early College High,6,215,Regular School,High,NSLPWOPRO,118,16,134,0,09,13,0,0,0,0,0,0,0,0,0,0,54,53,52,56,0,0,0,No,No,NOTVIRTUAL,27889,,(252)940-6461,,3703,NC,35.533616,-76.965355,8.34,3DEP 1/3 arc-second
370034803278,Z.E.C.A. School of Arts and Technology,6.2,150,Regular School,Elementary,NSLPWOPRO,136,0,136,0,KG,08,0,19,28,18,22,26,23,13,11,9,0,0,0,0,0,0,0,No,Yes,NOTVIRTUAL,28540,,(910)219-8603,http://zecaschoolofthearts.com,3703,NC,34.75159,-77.413341,4.64,3DEP 1/3 arc-second
370084000328,D F Walker Elementary,30.5,501,Regular School,Elementary,NSLPWOPRO,284,47,331,0,03,05,0,0,0,0,148,182,171,0,0,0,0,0,0,0,0,0,0,No,No,NOTVIRTUAL,27932,,(252)221-4151,http://dfw.edenton-chowan.net,3703,NC,36.163699,-76.654121,11.91,3DEP 1/3 arc-second
370084000330,John A Holmes High,41.5,597,Regular School,High,NSLPWOPRO,275,48,323,0,09,12,0,0,0,0,0,0,0,0,0,0,151,157,144,145,0,0,0,No,No,NOTVIRTUAL,27932,0409,(252)482-8426,http://jah.edenton-chowan.net,3703,NC,36.066548000000004,-76.604733,4.75,3DEP 1/3 arc-second
370084000331,White Oak Elementary,33,292,Regular School,Elementary,NSLPWOPRO,308,34,342,0,PK,02,60,130,142,150,0,0,0,0,0,0,0,0,0,0,0,0,0,No,No,NOTVIRTUAL,27932,,(252)221-4078,http://wos.edenton-chowan.net,3703,NC,36.164842,-76.65252100000001,11.53,3DEP 1/3 arc-second
370108000448,Central Elementary,18,145,Regular School,Elementary,NSLPWOPRO,78,13,91,0,PK,05,28,39,40,25,27,26,27,0,0,0,0,0,0,0,0,0,0,No,No,NOTVIRTUAL,27917,,(252)453-0010,http://ccs.currituck.k12.nc.us/ces/main.html,3703,NC,36.389162,-76.009225,2.52,3DEP 1/3 arc-second
370108000449,Currituck County High,66,943,Regular School,High,NSLPWOPRO,175,49,224,0,09,12,0,0,0,0,0,0,0,0,0,0,223,250,249,221,0,0,0,No,No,NOTVIRTUAL,27917,,(252)453-0014,http://www.currituck.k12.nc.us,3703,NC,36.372527,-75.969111,2.2,3DEP 1/3 arc-second
370108000450,W T Griggs Elementary,22.67,221,Regular School,Elementary,NSLPWOPRO,94,24,118,0,PK,05,18,34,40,46,38,54,43,0,0,0,0,0,0,0,0,0,0,No,No,NOTVIRTUAL,27965,,(252)453-2700,http://www.currituck.k12.nc.us,3703,NC,36.279786,-75.89173000000001,4.26,3DEP 1/3 arc-second
370108000451,Currituck County Middle,25,393,Regular School,Middle,NSLPWOPRO,133,25,158,0,06,08,0,0,0,0,0,0,0,135,131,127,0,0,0,0,0,0,0,No,No,NOTVIRTUAL,27917,,(252)453-2171,http://www.currituck.k12.nc.us,3703,NC,36.370881000000004,-75.967789,2.7,3DEP 1/3 arc-second
370108000452,Knotts Island Elementary,7.5,62,Regular School,Elementary,NSLPWOPRO,18,9,27,0,KG,05,0,15,13,16,12,10,11,0,0,0,0,0,0,0,0,0,0,No,No,NOTVIRTUAL,27950,0040,(252)722-0770,http://www.currituck.k12.nc.us,3703,NC,36.513644,-75.919977,3.17,3DEP 1/3 arc-second
370108000453,Moyock Elementary,28.61,436,Regular School,Elementary,NSLPWOPRO,67,20,87,0,KG,05,0,80,90,87,83,85,91,0,0,0,0,0,0,0,0,0,0,No,No,NOTVIRTUAL,27958,,(252)435-6521,http://www.currituck.k12.nc.us,3703,NC,36.524896,-76.17366200000001,2.4,3DEP 1/3 arc-second
370108002374,Shawboro Elementary School,35,447,Regular School,Elementary,NSLPWOPRO,153,32,185,0,KG,05,0,82,90,97,66,85,109,0,0,0,0,0,0,0,0,0,0,No,No,NOTVIRTUAL,27973,,(252)232-2237,http://www.currituck.k12.nc.us,3703,NC,36.445118,-76.015101,2.98,3DEP 1/3 arc-second
370108002627,Moyock Middle,38,564,Regular School,Middle,NSLPWOPRO,119,27,146,0,06,08,0,0,0,0,0,0,0,190,190,184,0,0,0,0,0,0,0,No,No,NOTVIRTUAL,27958,,(252)435-2566,http://www.currituck.k12.nc.us,3703,NC,36.501714,-76.156603,3.51,3DEP 1/3 arc-second
370108003037,The JP Knapp ECH (i)School,9.73,271,Regular School,High,NSLPWOPRO,33,16,49,0,09,13,0,0,0,0,0,0,0,0,0,0,70,67,63,71,0,0,0,No,No,NOTVIRTUAL,27929,,(252)232-3107,http://www.currituck.k12.nc.us,3703,NC,36.445006,-76.015288,3.45,3DEP 1/3 arc-second
370108003039,Jarvisburg Elementary,18,213,Regular School,Elementary,NSLPWOPRO,103,20,123,0,KG,05,0,39,48,52,40,33,40,0,0,0,0,0,0,0,0,0,0,No,No,NOTVIRTUAL,27947,,(252)491-2050,http://www.currituck.k12.nc.us,3703,NC,36.20138,-75.8568,2.37,3DEP 1/3 arc-second
370111000454,Cape Hatteras Secondary School,32.93,350,Regular School,High,NSLPWOPRO,89,25,114,0,06,12,0,0,0,0,0,0,0,51,54,52,63,40,47,43,0,0,0,No,No,NOTVIRTUAL,27920,0948,(252)995-5730,http://chs.daretolearn.org,3703,NC,35.265552,-75.55126,2.29,3DEP 1/3 arc-second
370111000455,Kitty Hawk Elementary School,30.5,372,Regular School,Elementary,NSLPWOPRO,41,27,68,0,KG,05,0,77,60,81,62,87,82,0,0,0,0,0,0,0,0,0,0,No,No,NOTVIRTUAL,27949,,(252)261-2313,http://khe.daretolearn.org,3703,NC,36.098034,-75.733232,2.88,3DEP 1/3 arc-second
370111000456,Manteo Elementary School,52.46,536,Regular School,Elementary,NSLPWOPRO,307,68,375,0,PK,05,45,132,91,101,117,106,121,0,0,0,0,0,0,0,0,0,0,No,No,NOTVIRTUAL,27954,,(252)473-2742,http://mes.daretolearn.org,3703,NC,35.910502,-75.675443,3.31,3DEP 1/3 arc-second
370111000457,Manteo High School,39.11,530,Regular School,High,NSLPWOPRO,138,36,174,0,09,12,0,0,0,0,0,0,0,0,0,0,149,128,140,113,0,0,0,No,No,NOTVIRTUAL,27954,,(252)473-5841,http://mhs.daretolearn.org,3703,NC,35.915709,-75.673848,2.76,3DEP 1/3 arc-second
370111002088,Cape Hatteras Elementary School,22.94,233,Regular School,Elementary,NSLPWOPRO,113,32,145,0,PK,05,18,54,45,51,33,54,50,0,0,0,0,0,0,0,0,0,0,No,No,NOTVIRTUAL,27920,0989,(252)995-6196,http://che.daretolearn.org,3703,NC,35.259022,-75.55165600000001,3.85,3DEP 1/3 arc-second
370111002093,Dare Learning Academy,4.5,29,Alternative School,High,NSLPWOPRO,11,0,11,0,09,12,0,0,0,0,0,0,0,0,0,0,9,8,8,4,0,0,0,No,No,NOTVIRTUAL,27954,,(252)473-2264,http://dcas.daretolearn.org,3703,NC,35.89223,-75.660101,1.72,3DEP 1/3 arc-second
370111002107,Manteo Middle School,34.65,460,Regular School,Middle,NSLPWOPRO,140,31,171,0,06,08,0,0,0,0,0,0,0,149,169,142,0,0,0,0,0,0,0,No,No,NOTVIRTUAL,27954,,(252)473-5549,http://mms.daretolearn.org,3703,NC,35.920294,-75.68071400000001,4.08,3DEP 1/3 arc-second
370111002290,First Flight Elementary School,29.5,297,Regular School,Elementary,NSLPWOPRO,113,29,142,0,PK,05,34,46,54,53,42,68,80,0,0,0,0,0,0,0,0,0,0,No,No,NOTVIRTUAL,27948,,(252)441-1111,http://ffe.daretolearn.org,3703,NC,36.006528,-75.66432,4.14,3DEP 1/3 arc-second
370111002291,First Flight Middle School,48.03,660,Regular School,Middle,NSLPWOPRO,102,40,142,0,06,08,0,0,0,0,0,0,0,224,212,224,0,0,0,0,0,0,0,No,No,NOTVIRTUAL,27948,,(252)441-8888,http://ffm.daretolearn.org,3703,NC,36.005230000000005,-75.667642,4.09,3DEP 1/3 arc-second
370111002724,First Flight High School,54.94,811,Regular School,High,NSLPWOPRO,111,44,155,0,09,12,0,0,0,0,0,0,0,0,0,0,242,211,192,166,0,0,0,No,No,NOTVIRTUAL,27948,,(252)449-7000,http://ffh.daretolearn.org,3703,NC,36.008836,-75.666492,4.51,3DEP 1/3 arc-second
370111002758,Nags Head Elementary School,40.33,469,Regular School,Elementary,NSLPWOPRO,146,49,195,0,PK,05,36,95,98,81,84,107,99,0,0,0,0,0,0,0,0,0,0,No,No,NOTVIRTUAL,27959,,(252)480-8880,http://nhe.daretolearn.org,3703,NC,35.975804000000004,-75.63868000000001,3.91,3DEP 1/3 arc-second
370084000327,Chowan Middle,32.9,446,Regular School,Middle,NSLPWOPRO,214,41,255,0,06,08,0,0,0,0,0,0,0,177,126,143,0,0,0,0,0,0,0,No,No,NOTVIRTUAL,27980,,(252)221-4131,http://cms.edenton-chowan.net,3703,NC,36.232366,-76.655894,8.77,3DEP 1/3 arc-second
370183000750,Greene Central High,57.97,810,Regular School,High,NSLPWOPRO,801,0,801,0,09,12,0,0,0,0,0,0,0,0,0,0,244,158,208,200,0,0,0,No,No,NOTVIRTUAL,28580,9798,(252)747-3814,http://gchs.gcsedu.org,3703,NC,35.479919,-77.670315,16.94,3DEP 1/3 arc-second
370183000754,Snow Hill Primary,34,244,Regular School,Elementary,NSLPWOPRO,444,0,444,0,KG,01,0,211,244,0,0,0,0,0,0,0,0,0,0,0,0,0,0,No,No,NOTVIRTUAL,28580,1627,(252)747-8113,http://shp.gcsedu.org,3703,NC,35.450501,-77.663777,22.56,3DEP 1/3 arc-second
370183000755,West Greene Elementary,34,455,Regular School,Elementary,NSLPWOPRO,452,0,452,0,02,03,0,0,0,256,199,0,0,0,0,0,0,0,0,0,0,0,0,No,No,NOTVIRTUAL,28580,1392,(252)747-3955,http://wg.gcsedu.org,3703,NC,35.454001,-77.686538,34.1,3DEP 1/3 arc-second
370183002294,Greene County Middle,42.5,679,Regular School,Middle,NSLPWOPRO,674,0,674,0,06,08,0,0,0,0,0,0,0,231,231,217,0,0,0,0,0,0,0,No,No,NOTVIRTUAL,28580,9732,(252)747-8191,http://gcms.gcsedu.org,3703,NC,35.491312,-77.669887,29.64,3DEP 1/3 arc-second
370183002860,Greene Early College High,7.5,136,Regular School,High,NSLPWOPRO,154,0,154,0,09,13,0,0,0,0,0,0,0,0,0,0,32,43,33,28,0,0,0,No,No,NOTVIRTUAL,28580,,(252)747-9044,http://gec.gcsedu.org,3703,NC,35.475863000000004,-77.67052100000001,15.35,3DEP 1/3 arc-second
370183003244,Greene County Intermediate,29,511,Regular School,Elementary,NSLPWOPRO,505,0,505,0,04,05,0,0,0,0,0,256,255,0,0,0,0,0,0,0,0,0,0,No,No,NOTVIRTUAL,28580,,(252)747-0182,http://gcis.gcsedu.org,3703,NC,35.491312,-77.669887,29.64,3DEP 1/3 arc-second
370228000979,Ocracoke School,21,152,Regular School,Other,NSLPWOPRO,30,0,30,0,PK,12,9,12,7,12,17,12,17,16,13,12,11,13,16,6,0,0,0,No,No,NOTVIRTUAL,27960,0189,(252)928-3251,http://www.hyde.k12.nc.us,3703,NC,35.112153,-75.97843400000001,0.83,3DEP 1/3 arc-second
370228002460,Mattamuskeet Elementary,18,177,Regular School,Elementary,NSLPWOPRO,232,0,232,0,PK,05,23,37,30,41,33,36,37,0,0,0,0,0,0,0,0,0,0,No,No,NOTVIRTUAL,27885,,(252)926-0240,http://www.hyde.k12.nc.us,3703,NC,35.440909,-76.21713,1.57,3DEP 1/3 arc-second
370228003025,Mattamuskeet Early College High,22.67,201,Regular School,High,NSLPWOPRO,194,0,194,0,06,13,0,0,0,0,0,0,0,37,29,16,30,36,33,20,0,0,0,No,No,NOTVIRTUAL,27885,,(252)926-0221,http://mhs.hyde.k12.nc.us/,3703,NC,35.441381,-76.218225,1.58,3DEP 1/3 arc-second
370240001033,Comfort Elementary,11,128,Regular School,Elementary,NSLPWOPRO,150,0,150,0,PK,06,13,16,24,17,23,19,28,17,0,0,0,0,0,0,0,0,0,No,No,NOTVIRTUAL,28522,0188,(910)324-4249,http://www.jonesnc.net/ces/,3703,NC,35.006393,-77.511877,16.83,3DEP 1/3 arc-second
370240001034,Jones Middle,10.75,164,Regular School,Middle,NSLPWOPRO,156,0,156,0,07,08,0,0,0,0,0,0,0,0,92,72,0,0,0,0,0,0,0,No,No,NOTVIRTUAL,28585,,(252)448-3956,http://www.jonesnc.net/jms/,3703,NC,35.067182,-77.347339,7.95,3DEP 1/3 arc-second
370240001035,Jones Senior High,25.5,333,Regular School,High,NSLPWOPRO,328,0,328,0,09,12,0,0,0,0,0,0,0,0,0,0,95,83,68,87,0,0,0,No,No,NOTVIRTUAL,28585,,(252)448-2451,http://www.jonesnc.net/jhs/,3703,NC,35.03436,-77.333443,13.19,3DEP 1/3 arc-second
370240001036,Maysville Elementary,11.14,104,Regular School,Elementary,NSLPWOPRO,139,0,139,0,PK,06,18,20,15,19,21,20,21,8,0,0,0,0,0,0,0,0,0,No,No,NOTVIRTUAL,28555,1029,(910)743-3631,http://www.jonesnc.net/mes/,3703,NC,34.904665,-77.23697200000001,10.77,3DEP 1/3 arc-second
370240001037,Pollocksville Elementary,11.99,110,Regular School,Elementary,NSLPWOPRO,136,0,136,0,PK,06,12,17,20,19,19,22,18,12,0,0,0,0,0,0,0,0,0,No,No,NOTVIRTUAL,28573,0070,(252)224-8071,http://jonesnc.net/pes/,3703,NC,35.004879,-77.225351,6.93,3DEP 1/3 arc-second
370240001038,Trenton Elementary,17.25,158,Regular School,Elementary,NSLPWOPRO,207,0,207,0,PK,06,25,28,30,30,19,24,26,29,0,0,0,0,0,0,0,0,0,No,No,NOTVIRTUAL,28585,,(252)448-3441,http://www.jonesnc.net/tes/,3703,NC,35.065732000000004,-77.346981,8,3DEP 1/3 arc-second
370261000585,Kinston High,45,714,Regular School,High,NSLPWOPRO,698,0,698,0,09,12,0,0,0,0,0,0,0,0,0,0,208,186,172,148,0,0,0,No,No,NOTVIRTUAL,28501,1799,(252)527-8067,http://schools.lenoir.k12.nc.us/khs/,3703,NC,35.295731,-77.574687,23.42,3DEP 1/3 arc-second
370261000586,Northwest Elementary,30.5,437,Regular School,Elementary,NSLPWOPRO,496,0,496,0,KG,05,0,62,77,86,93,96,85,0,0,0,0,0,0,0,0,0,0,No,No,NOTVIRTUAL,28504,,(252)527-5143,http://schools.lenoir.k12.nc.us/northwest/,3703,NC,35.278395,-77.603292,24.82,3DEP 1/3 arc-second
370261000589,Rochelle Middle,25.75,450,Regular School,Middle,NSLPWOPRO,447,0,447,0,06,08,0,0,0,0,0,0,0,181,147,122,0,0,0,0,0,0,0,No,No,NOTVIRTUAL,28501,5240,(252)527-4290,http://rmsjrvikings.wordpress.com/,3703,NC,35.262665,-77.561285,23.71,3DEP 1/3 arc-second
370261000596,Southeast Elementary,27.6,178,Regular School,Elementary,NSLPWOPRO,225,0,225,0,KG,05,0,50,39,33,46,34,26,0,0,0,0,0,0,0,0,0,0,No,No,NOTVIRTUAL,28501,,(252)527-4210,http://schools.lenoir.k12.nc.us/southeast/,3703,NC,35.257794000000004,-77.570858,11.35,3DEP 1/3 arc-second
370261001086,Banks Elementary,35.39,454,Regular School,Elementary,NSLPWOPRO,558,0,558,0,PK,05,18,92,98,84,93,90,89,0,0,0,0,0,0,0,0,0,0,No,No,NOTVIRTUAL,28504,,(252)527-9470,http://schools.lenoir.k12.nc.us/banks/,3703,NC,35.281598,-77.67953800000001,28.79,3DEP 1/3 arc-second
370261001087,Contentnea-Savannah School,56.39,793,Regular School,Elementary,NSLPWOPRO,909,0,909,0,PK,08,40,79,81,99,89,97,98,131,99,99,0,0,0,0,0,0,0,No,No,NOTVIRTUAL,28501,,(252)527-8591,http://CSSK8.wordpress.com,3703,NC,35.314311000000004,-77.513277,21.6,3DEP 1/3 arc-second
370261001088,E B Frink Middle,30,503,Regular School,Middle,NSLPWOPRO,500,0,500,0,06,08,0,0,0,0,0,0,0,195,175,133,0,0,0,0,0,0,0,No,No,NOTVIRTUAL,28551,1441,(252)566-3326,http://schools.lenoir.k12.nc.us/ebfrink/,3703,NC,35.315092,-77.79305000000001,32.15,3DEP 1/3 arc-second
370261001089,La Grange Elementary,34.95,423,Regular School,Elementary,NSLPWOPRO,542,0,542,0,PK,05,47,75,80,78,85,82,98,0,0,0,0,0,0,0,0,0,0,No,No,NOTVIRTUAL,28551,1640,(252)566-4036,http://schools.lenoir.k12.nc.us/lagrange/,3703,NC,35.310512,-77.795246,33.51,3DEP 1/3 arc-second
370261001090,Moss Hill Elementary,31,399,Regular School,Elementary,NSLPWOPRO,453,0,453,0,KG,05,0,65,94,67,74,90,74,0,0,0,0,0,0,0,0,0,0,No,No,NOTVIRTUAL,28504,,(252)569-5071,http://schools.lenoir.k12.nc.us/mosshill/,3703,NC,35.195241,-77.75315,32.52,3DEP 1/3 arc-second
370261001091,North Lenoir High,52.5,901,Regular School,High,NSLPWOPRO,884,0,884,0,09,12,0,0,0,0,0,0,0,0,0,0,265,239,223,174,0,0,0,No,No,NOTVIRTUAL,28551,9801,(252)527-9184,http://schools.lenoir.k12.nc.us/nlhs/,3703,NC,35.341711000000004,-77.679325,35.37,3DEP 1/3 arc-second
370261001092,Pink Hill Elementary,30.47,398,Regular School,Elementary,NSLPWOPRO,488,0,488,0,PK,05,18,80,82,66,79,78,93,0,0,0,0,0,0,0,0,0,0,No,No,NOTVIRTUAL,28572,,(252)568-4176,http://schools.lenoir.k12.nc.us/pinkhill/,3703,NC,35.07851,-77.737038,44.68,3DEP 1/3 arc-second
370261001094,South Lenoir High,45.5,770,Regular School,High,NSLPWOPRO,755,0,755,0,09,12,0,0,0,0,0,0,0,0,0,0,217,178,225,150,0,0,0,No,No,NOTVIRTUAL,28525,,(252)568-6161,http://schools.lenoir.k12.nc.us/slhs/,3703,NC,35.145746,-77.70434300000001,30.94,3DEP 1/3 arc-second
370261001095,Southwood Elementary,21.7,277,Regular School,Elementary,NSLPWOPRO,325,0,325,0,KG,05,0,54,53,42,55,62,65,0,0,0,0,0,0,0,0,0,0,No,No,NOTVIRTUAL,28504,,(252)527-9081,http://schools.lenoir.k12.nc.us/southwood/,3703,NC,35.208002,-77.564598,21.97,3DEP 1/3 arc-second
370261001096,Woodington Middle,37,632,Regular School,Middle,NSLPWOPRO,616,0,616,0,06,08,0,0,0,0,0,0,0,223,202,207,0,0,0,0,0,0,0,No,No,NOTVIRTUAL,28504,,(252)527-9570,http://schools.lenoir.k12.nc.us/woodington/,3703,NC,35.159151,-77.63403600000001,38.31,3DEP 1/3 arc-second
370261001586,Lenoir County Learning Academy,10,61,Alternative School,Other,NSLPWOPRO,58,0,58,0,PK,12,0,0,0,1,1,1,0,2,7,16,13,10,3,7,0,0,0,No,No,NOTVIRTUAL,28504,,(252)527-4264,http://schools.lenoir.k12.nc.us/lcla/,3703,NC,35.25452,-77.693466,14.79,3DEP 1/3 arc-second
370261002831,Lenoir County Early College High,8.25,175,Regular School,High,NSLPWOPRO,201,0,201,0,09,13,0,0,0,0,0,0,0,0,0,0,42,45,40,48,0,0,0,No,No,NOTVIRTUAL,28502,,(252)233-6870,http://sites.google.com/a/lenoir.k12.nc.us/earlycollege/,3703,NC,35.235522,-77.572005,11.85,3DEP 1/3 arc-second
370261003143,Northeast Elementary,30.95,382,Regular School,Elementary,NSLPWOPRO,474,0,474,0,PK,05,18,77,73,81,77,82,69,0,0,0,0,0,0,0,0,0,0,No,No,NOTVIRTUAL,28501,3114,(252)527-4166,http://schools.lenoir.k12.nc.us/northeast/,3703,NC,35.280855,-77.561049,23.34,3DEP 1/3 arc-second
370331000380,Albert H Bangert Elementary,26,353,Regular School,Elementary,NSLPWOPRO,200,22,222,0,KG,05,0,79,68,76,64,63,82,0,0,0,0,0,0,0,0,0,0,No,No,NOTVIRTUAL,28562,4506,(252)514-6415,http://ahbangert.weebly.com/,3703,NC,35.083175000000004,-77.083419,4.4,3DEP 1/3 arc-second
370331000381,Bridgeton Elementary,32.23,338,Regular School,Elementary,NSLPWOPRO,227,31,258,0,PK,05,12,68,67,60,65,59,87,0,0,0,0,0,0,0,0,0,0,No,No,NOTVIRTUAL,28560,,(252)514-6425,http://teacherweb.craven.k12.nc.us/BES/,3703,NC,35.154579,-77.042214,2.55,3DEP 1/3 arc-second
370331000382,Graham A Barden Elementary,24.2,219,Regular School,Elementary,NSLPWOPRO,126,46,172,0,PK,05,25,51,52,56,36,37,38,0,0,0,0,0,0,0,0,0,0,No,No,NOTVIRTUAL,28532,2197,(252)444-5100,http://grahamabardenelementaryschool.weebly.com/,3703,NC,34.897614000000004,-76.916528,7.18,3DEP 1/3 arc-second
370331000383,H J MacDonald Middle,45.03,813,Regular School,Middle,NSLPWOPRO,411,80,491,0,06,08,0,0,0,0,0,0,0,311,265,237,0,0,0,0,0,0,0,No,No,NOTVIRTUAL,28562,2509,(252)514-6450,http://www.hjmacdonald.com,3703,NC,35.116973,-77.09861500000001,9.17,3DEP 1/3 arc-second
370331000384,Havelock High,67.76,1077,Regular School,High,NSLPWOPRO,328,76,404,0,09,12,0,0,0,0,0,0,0,0,0,0,300,248,282,247,0,0,0,No,No,NOTVIRTUAL,28532,1952,(252)444-5112,http://havelockhigh.weebly.com/,3703,NC,34.880481,-76.893569,8.51,3DEP 1/3 arc-second
370331000386,Havelock Middle,23.2,381,Regular School,Middle,NSLPWOPRO,185,40,225,0,06,08,0,0,0,0,0,0,0,138,134,109,0,0,0,0,0,0,0,No,No,NOTVIRTUAL,28532,1748,(252)444-5125,http://teacherweb.craven.k12.nc.us/HMS/home.html,3703,NC,34.877368000000004,-76.898309,7.77,3DEP 1/3 arc-second
370331000387,J T Barber Elementary,25.98,240,Regular School,Elementary,NSLPWOPRO,271,8,279,0,PK,05,17,49,46,46,50,50,48,0,0,0,0,0,0,0,0,0,0,No,No,NOTVIRTUAL,28560,3536,(252)514-6460,http://www.jtbarberelementaryschool.com/,3703,NC,35.118726,-77.063794,2.38,3DEP 1/3 arc-second
370331000388,New Bern High,95.2,1710,Regular School,High,NSLPWOPRO,664,88,752,0,09,12,0,0,0,0,0,0,0,0,0,0,488,439,410,373,0,0,0,No,No,NOTVIRTUAL,28562,9692,(252)514-6400,http://www.craven.k12.nc.us/NBH/,3703,NC,35.100523,-77.11550100000001,8.48,3DEP 1/3 arc-second
370331000392,West Craven Middle,45.31,751,Regular School,Middle,NSLPWOPRO,425,59,484,0,06,08,0,0,0,0,0,0,0,243,260,248,0,0,0,0,0,0,0,No,No,NOTVIRTUAL,28562,9399,(252)514-6488,http://teacherweb.craven.k12.nc.us/WCM/,3703,NC,35.217138,-77.15054500000001,5.15,3DEP 1/3 arc-second
370331002084,Tucker Creek Middle,28.43,492,Regular School,Middle,NSLPWOPRO,107,50,157,0,06,08,0,0,0,0,0,0,0,179,173,140,0,0,0,0,0,0,0,No,No,NOTVIRTUAL,28532,,(252)444-7200,http://www.craven.k12.nc.us/TCM/,3703,NC,34.929447,-76.93874100000001,8.63,3DEP 1/3 arc-second
370331002171,Brinson Memorial Elementary,48.98,583,Regular School,Elementary,NSLPWOPRO,289,50,339,0,KG,05,0,109,135,103,125,106,114,0,0,0,0,0,0,0,0,0,0,No,No,NOTVIRTUAL,28560,6812,(252)514-6431,http://teacherweb.craven.k12.nc.us/BME/,3703,NC,35.068031,-77.017483,8.21,3DEP 1/3 arc-second
370331002173,Vanceboro-Farm Life Elementary,42.3,509,Regular School,Elementary,NSLPWOPRO,413,50,463,0,PK,05,34,87,99,111,109,97,93,0,0,0,0,0,0,0,0,0,0,No,No,NOTVIRTUAL,28586,0098,(252)244-3215,http://teacherweb.craven.k12.nc.us/VFL/,3703,NC,35.307321,-77.14668400000001,10.05,3DEP 1/3 arc-second
370331002175,Havelock Elementary,25,295,Regular School,Elementary,NSLPWOPRO,214,38,252,0,KG,05,0,56,55,65,59,67,49,0,0,0,0,0,0,0,0,0,0,No,No,NOTVIRTUAL,28532,1908,(252)444-5106,http://teacherweb.craven.k12.nc.us/HES/,3703,NC,34.877494,-76.90036,7.51,3DEP 1/3 arc-second
370331002177,Oaks Road Elementary,32,353,Regular School,Elementary,NSLPWOPRO,332,37,369,0,KG,05,0,68,67,77,75,61,73,0,0,0,0,0,0,0,0,0,0,No,No,NOTVIRTUAL,28560,2834,(252)514-6475,http://oaksroadelementary.weebly.com/,3703,NC,35.127158,-77.065697,2.7,3DEP 1/3 arc-second
370331002178,Roger R Bell Elementary,24,302,Regular School,Elementary,NSLPWOPRO,192,36,228,0,KG,05,0,62,53,65,55,64,65,0,0,0,0,0,0,0,0,0,0,No,No,NOTVIRTUAL,28532,1634,(252)444-5133,http://teacherweb.craven.k12.nc.us/RBE/,3703,NC,34.881113,-76.880618,8.16,3DEP 1/3 arc-second
370331002179,Trent Park Elementary,29.84,343,Regular School,Elementary,NSLPWOPRO,250,53,303,0,KG,05,0,85,73,78,66,64,62,0,0,0,0,0,0,0,0,0,0,No,No,NOTVIRTUAL,28562,4400,(252)514-6481,http://www.trentparkelementary.com/,3703,NC,35.109395,-77.08037900000001,7.13,3DEP 1/3 arc-second
370331002180,West Craven High,58.2,981,Regular School,High,NSLPWOPRO,439,69,508,0,09,12,0,0,0,0,0,0,0,0,0,0,290,253,226,212,0,0,0,No,No,NOTVIRTUAL,28586,8353,(252)244-3200,http://teacherweb.craven.k12.nc.us/WCH/,3703,NC,35.237552,-77.137428,3.41,3DEP 1/3 arc-second
370331002181,Arthur W Edwards Elementary,43,505,Regular School,Elementary,NSLPWOPRO,135,136,271,0,KG,05,0,117,91,103,101,104,106,0,0,0,0,0,0,0,0,0,0,No,No,NOTVIRTUAL,28532,0189,(252)444-5140,http://www.craven.k12.nc.us/AWE/aweindex.html,3703,NC,34.910134,-76.92813600000001,8.11,3DEP 1/3 arc-second
370331002211,James W Smith Elementary,31.77,369,Regular School,Elementary,NSLPWOPRO,302,32,334,0,PK,05,27,72,76,70,72,78,73,0,0,0,0,0,0,0,0,0,0,No,No,NOTVIRTUAL,28523,9674,(252)514-6466,http://jameswsmith.weebly.com/,3703,NC,35.250142000000004,-77.28953200000001,11.52,3DEP 1/3 arc-second
370331002310,Ben D Quinn Elementary,30,369,Regular School,Elementary,NSLPWOPRO,159,33,192,0,PK,05,5,67,70,75,62,87,75,0,0,0,0,0,0,0,0,0,0,No,No,NOTVIRTUAL,28562,,(252)514-6420,http://teacherweb.craven.k12.nc.us/BDQ,3703,NC,35.091955,-77.128811,8.72,3DEP 1/3 arc-second
370331002311,Grover C Fields Middle,37.79,556,Regular School,Middle,NSLPWOPRO,196,38,234,0,06,08,0,0,0,0,0,0,0,192,174,190,0,0,0,0,0,0,0,No,No,NOTVIRTUAL,28560,4544,(252)514-6438,http://www.gcfmiddleschool.com/,3703,NC,35.109941,-77.07188000000001,6.16,3DEP 1/3 arc-second
370331002312,W Jesse Gurganus Elementary,24.6,317,Regular School,Elementary,NSLPWOPRO,104,27,131,0,KG,05,0,67,62,71,70,63,51,0,0,0,0,0,0,0,0,0,0,No,No,NOTVIRTUAL,28532,9435,(252)444-5150,http://teacherweb.craven.k12.nc.us/WJG/,3703,NC,34.910354,-76.941518,9.45,3DEP 1/3 arc-second
370331002843,Craven Early College High,8.12,181,Regular School,High,NSLPWOPRO,57,9,66,0,09,13,0,0,0,0,0,0,0,0,0,0,49,41,50,41,0,0,0,No,No,NOTVIRTUAL,28562,,(252)637-5706,http://www.cravenearlycollege.net/,3703,NC,35.111602,-77.10232500000001,8.94,3DEP 1/3 arc-second
370331002980,Creekside Elementary,31.32,451,Regular School,Elementary,NSLPWOPRO,76,34,110,0,KG,05,0,87,83,92,92,89,95,0,0,0,0,0,0,0,0,0,0,No,No,NOTVIRTUAL,28562,,(252)514-4360,http://creeksideelementaryschool.weebly.com/,3703,NC,35.026998,-77.021608,7.32,3DEP 1/3 arc-second
370331003127,Early College EAST High,10,163,Regular School,High,NSLPWOPRO,25,6,31,0,09,13,0,0,0,0,0,0,0,0,0,0,52,46,30,35,0,0,0,No,No,NOTVIRTUAL,28532,,(252)444-5194,http://www.craven.k12.nc.us/ECE/,3703,NC,34.877565000000004,-76.89962200000001,7.33,3DEP 1/3 arc-second
370345001233,Southwest Elementary,53.49,656,Regular School,Elementary,NSLPWOPRO,345,73,418,0,PK,05,39,167,149,127,119,136,125,0,0,0,0,0,0,0,0,0,0,No,No,NOTVIRTUAL,28540,,(910)347-0900,,3703,NC,34.732657,-77.52602,13.6,3DEP 1/3 arc-second
370345001417,Bell Fork Elementary,39,543,Regular School,Elementary,NSLPWOPRO,358,58,416,0,KG,05,0,109,118,107,111,104,103,0,0,0,0,0,0,0,0,0,0,No,No,NOTVIRTUAL,28540,6309,(910)347-4459,http://bellfork.nc.oce.schoolinsites.com/,3703,NC,34.753251,-77.392177,7.95,3DEP 1/3 arc-second
370345001418,Blue Creek Elementary,32,379,Regular School,Elementary,NSLPWOPRO,230,50,280,0,KG,05,0,80,94,79,70,66,70,0,0,0,0,0,0,0,0,0,0,No,No,NOTVIRTUAL,28540,7909,(910)347-1717,http://bluecreek.nc.oce.schoolinsites.com/,3703,NC,34.752169,-77.477658,8.62,3DEP 1/3 arc-second
370345001419,Clyde Erwin Elementary,30,341,Regular School,Elementary,NSLPWOPRO,263,35,298,0,KG,05,0,80,66,73,72,65,65,0,0,0,0,0,0,0,0,0,0,Yes,No,NOTVIRTUAL,28540,6099,(910)347-1261,http://clydeerwin.nc.oce.schoolinsites.com/,3703,NC,34.755849,-77.412467,5.93,3DEP 1/3 arc-second
370345001421,Dixon High,50,921,Regular School,High,NSLPWOPRO,229,62,291,0,09,12,0,0,0,0,0,0,0,0,0,0,248,243,211,219,0,0,0,No,No,NOTVIRTUAL,28445,7759,(910)347-2958,http://dixon.nc.och.schoolinsites.com/,3703,NC,34.587976000000005,-77.478352,18.73,3DEP 1/3 arc-second
370345001423,Jacksonville High,74,1289,Regular School,High,NSLPWOPRO,441,88,529,0,09,12,0,0,0,0,0,0,0,0,0,0,342,317,343,287,0,0,0,No,No,NOTVIRTUAL,28540,7423,(910)989-2048,http://jhs.ncfreedom.com,3703,NC,34.784374,-77.426952,10.53,3DEP 1/3 arc-second
370345001424,Morton Elementary,41,557,Regular School,Elementary,NSLPWOPRO,299,56,355,0,PK,05,41,111,125,107,106,105,114,0,0,0,0,0,0,0,0,0,0,No,No,NOTVIRTUAL,28546,9802,(910)353-0930,http://www.geocities.com/mortonelem,3703,NC,34.769791,-77.309458,7.93,3DEP 1/3 arc-second
370345001425,Northwoods Elementary,32,370,Regular School,Elementary,NSLPWOPRO,241,41,282,0,KG,05,0,85,68,82,74,86,60,0,0,0,0,0,0,0,0,0,0,Yes,No,NOTVIRTUAL,28540,4955,(910)347-2808,,3703,NC,34.772425,-77.427645,5.69,3DEP 1/3 arc-second
370345001426,Northwoods Park Middle,38,628,Regular School,Middle,NSLPWOPRO,236,45,281,0,06,08,0,0,0,0,0,0,0,245,207,176,0,0,0,0,0,0,0,No,No,NOTVIRTUAL,28540,3783,(910)347-1202,,3703,NC,34.772206000000004,-77.438456,6.67,3DEP 1/3 arc-second
370345001427,Parkwood Elementary,33,448,Regular School,Elementary,NSLPWOPRO,189,38,227,0,KG,05,0,91,91,95,87,78,97,0,0,0,0,0,0,0,0,0,0,No,No,NOTVIRTUAL,28540,3876,(910)347-6711,,3703,NC,34.780085,-77.44053000000001,8.23,3DEP 1/3 arc-second
370345001428,Richlands Elementary,46,859,Regular School,Elementary,NSLPWOPRO,310,75,385,0,03,05,0,0,0,0,295,269,295,0,0,0,0,0,0,0,0,0,0,No,No,NOTVIRTUAL,28574,,(910)324-4142,http://www.onslow.k12.nc.us/REweb/,3703,NC,34.899079,-77.540386,16,3DEP 1/3 arc-second
370345001429,Richlands High,57,912,Regular School,High,NSLPWOPRO,247,56,303,0,09,12,0,0,0,0,0,0,0,0,0,0,244,214,236,218,0,0,0,No,No,NOTVIRTUAL,28574,,(910)324-4191,http://www.northcarolina.ihigh.com/richlandswildcats/,3703,NC,34.892124,-77.544213,12.63,3DEP 1/3 arc-second
370345001430,Silverdale Elementary,27.5,371,Regular School,Elementary,NSLPWOPRO,177,32,209,0,KG,05,0,77,70,76,72,69,84,0,0,0,0,0,0,0,0,0,0,No,No,NOTVIRTUAL,28555,9621,(910)326-5146,,3703,NC,34.777145000000004,-77.202907,8.69,3DEP 1/3 arc-second
370345001431,Southwest High,48,777,Regular School,High,NSLPWOPRO,281,59,340,0,09,12,0,0,0,0,0,0,0,0,0,0,238,178,182,179,0,0,0,No,No,NOTVIRTUAL,28540,7910,(910)455-4888,,3703,NC,34.749025,-77.482671,8.72,3DEP 1/3 arc-second
370345001432,Summersill Elementary,43.96,498,Regular School,Elementary,NSLPWOPRO,311,55,366,0,PK,05,53,102,108,100,92,100,98,0,0,0,0,0,0,0,0,0,0,No,No,NOTVIRTUAL,28540,9807,(910)455-2672,http://members.tripod.com/jhb54/index.htm,3703,NC,34.812828,-77.46691700000001,6.53,3DEP 1/3 arc-second
370345001434,Swansboro High,67,1127,Regular School,High,NSLPWOPRO,282,67,349,0,09,12,0,0,0,0,0,0,0,0,0,0,326,271,289,241,0,0,0,No,No,NOTVIRTUAL,28584,,(910)326-4300,,3703,NC,34.698222,-77.15444000000001,10.63,3DEP 1/3 arc-second
370345001435,Swansboro Middle,48,835,Regular School,Middle,NSLPWOPRO,257,56,313,0,06,08,0,0,0,0,0,0,0,307,285,243,0,0,0,0,0,0,0,No,No,NOTVIRTUAL,28584,8462,(910)326-3601,http://www.swansboromiddle.com/,3703,NC,34.704457,-77.152653,9.43,3DEP 1/3 arc-second
370345001436,Swansboro Elementary,37,532,Regular School,Elementary,NSLPWOPRO,136,49,185,0,KG,05,0,103,110,99,119,106,98,0,0,0,0,0,0,0,0,0,0,No,No,NOTVIRTUAL,28584,,(910)326-1501,,3703,NC,34.694824000000004,-77.139692,9.01,3DEP 1/3 arc-second
370345001438,Trexler Middle,43,754,Regular School,Middle,NSLPWOPRO,249,62,311,0,06,08,0,0,0,0,0,0,0,254,268,232,0,0,0,0,0,0,0,No,No,NOTVIRTUAL,28574,0188,(910)324-4414,http://trexler.nc.ocm.schoolinsites.com/,3703,NC,34.900890000000004,-77.54499,17.64,3DEP 1/3 arc-second
370345001440,White Oak High,58.5,1083,Regular School,High,NSLPWOPRO,331,80,411,0,09,12,0,0,0,0,0,0,0,0,0,0,328,263,268,224,0,0,0,No,No,NOTVIRTUAL,28546,8599,(910)455-1541,http://www.geocities.com/wohsviks/wohsfrm.html,3703,NC,34.76852,-77.34839600000001,10.23,3DEP 1/3 arc-second
370345001931,Jacksonville Commons Elem,46,586,Regular School,Elementary,NSLPWOPRO,381,54,435,0,KG,05,0,107,118,110,120,114,124,0,0,0,0,0,0,0,0,0,0,No,No,NOTVIRTUAL,28546,,(910)347-1056,http://www.jceschool.com/,3703,NC,34.795529,-77.391593,15.39,3DEP 1/3 arc-second
370345002270,Dixon Elementary,59.5,776,Regular School,Elementary,NSLPWOPRO,264,58,322,0,PK,04,27,222,197,192,207,180,0,0,0,0,0,0,0,0,0,0,0,No,No,NOTVIRTUAL,28445,7502,(910)327-2104,http://dixon.nc.oce.schoolinsites.com/,3703,NC,34.55981,-77.44360400000001,19.68,3DEP 1/3 arc-second
370345002271,Dixon Middle,46,858,Regular School,Middle,NSLPWOPRO,259,69,328,0,05,08,0,0,0,0,0,0,163,279,219,197,0,0,0,0,0,0,0,No,No,NOTVIRTUAL,28460,,(910)347-2738,http://dixon.nc.ocm.schoolinsites.com/,3703,NC,34.544360000000005,-77.435941,9.78,3DEP 1/3 arc-second
370345002272,Hunters Creek Middle,44,705,Regular School,Middle,NSLPWOPRO,279,58,337,0,06,08,0,0,0,0,0,0,0,226,240,239,0,0,0,0,0,0,0,No,No,NOTVIRTUAL,28546,9802,(910)353-2147,http://www.onslow.k12.nc.us/HCMweb/,3703,NC,34.738977,-77.338434,8.94,3DEP 1/3 arc-second
370345002273,Southwest Middle,35,562,Regular School,Middle,NSLPWOPRO,261,58,319,0,06,08,0,0,0,0,0,0,0,204,190,168,0,0,0,0,0,0,0,No,No,NOTVIRTUAL,28540,3370,(910)455-1105,http://www.southwestcolts.com/,3703,NC,34.741001000000004,-77.477804,12.79,3DEP 1/3 arc-second
370345002338,Hunters Creek Elementary,41,521,Regular School,Elementary,NSLPWOPRO,306,53,359,0,PK,05,0,98,109,117,98,105,92,0,0,0,0,0,0,0,0,0,0,No,No,NOTVIRTUAL,28546,,(910)353-4443,http://hunterscreek.nc.oce.schoolinsites.com/,3703,NC,34.742202,-77.335132,10.48,3DEP 1/3 arc-second
370345002339,Jacksonville Commons Middle,54,985,Regular School,Middle,NSLPWOPRO,472,77,549,0,06,08,0,0,0,0,0,0,0,339,359,287,0,0,0,0,0,0,0,No,No,NOTVIRTUAL,28546,,(910)346-6888,,3703,NC,34.791944,-77.392799,15.37,3DEP 1/3 arc-second
370345002402,New Bridge Middle,31.5,485,Regular School,Middle,NSLPWOPRO,114,41,155,0,06,08,0,0,0,0,0,0,0,168,165,152,0,0,0,0,0,0,0,Yes,No,NOTVIRTUAL,28540,,(910)346-5144,,3703,NC,34.751204,-77.425875,6.92,3DEP 1/3 arc-second
370345002403,Queens Creek Elementary,45.5,523,Regular School,Elementary,NSLPWOPRO,250,56,306,0,PK,05,32,109,122,105,103,95,98,0,0,0,0,0,0,0,0,0,0,No,No,NOTVIRTUAL,28584,,(910)326-5115,http://queenscreekelementary.homestead.com/,3703,NC,34.700928000000005,-77.154115,10.44,3DEP 1/3 arc-second
370345002404,Sand Ridge Elementary,38,508,Regular School,Elementary,NSLPWOPRO,207,56,263,0,KG,05,0,109,104,93,118,98,95,0,0,0,0,0,0,0,0,0,0,No,No,NOTVIRTUAL,28539,,(910)326-5199,http://www.sand_ridge.homestead.com,3703,NC,34.663541,-77.201291,10.46,3DEP 1/3 arc-second
370345002598,Northside High,63.5,1188,Regular School,High,NSLPWOPRO,434,77,511,0,09,12,0,0,0,0,0,0,0,0,0,0,294,289,308,297,0,0,0,No,No,NOTVIRTUAL,28546,,(910)455-4868,http://www.northsidemonarchs.org/,3703,NC,34.791108,-77.38838700000001,14.41,3DEP 1/3 arc-second
370345002599,Richlands Primary,54,592,Regular School,Elementary,NSLPWOPRO,266,72,338,0,PK,02,0,260,311,281,0,0,0,0,0,0,0,0,0,0,0,0,0,No,No,NOTVIRTUAL,28574,,(910)324-3139,http://www.onslow.k12.nc.us/rpweb/index.htm,3703,NC,34.887284,-77.544352,12.23,3DEP 1/3 arc-second
370345002738,Carolina Forest Elementary,55,728,Regular School,Elementary,NSLPWOPRO,230,92,322,0,KG,05,0,162,144,155,141,146,142,0,0,0,0,0,0,0,0,0,0,No,No,NOTVIRTUAL,28546,,(910)346-1778,http://carolinaforest.nc.oce.schoolinsites.com/,3703,NC,34.811469,-77.409767,14.4,3DEP 1/3 arc-second
370345003020,Meadow View Elementary,43.5,596,Regular School,Elementary,NSLPWOPRO,305,75,380,0,KG,05,0,107,136,112,116,121,111,0,0,0,0,0,0,0,0,0,0,No,No,NOTVIRTUAL,28540,,(910)478-3522,,3703,NC,34.771370000000005,-77.525163,14.68,3DEP 1/3 arc-second
370345003133,Stateside Elementary,46.5,643,Regular School,Elementary,NSLPWOPRO,211,74,285,0,KG,05,0,110,125,126,123,123,146,0,0,0,0,0,0,0,0,0,0,No,No,NOTVIRTUAL,28546,,(910)478-3460,http://stateside.nc.oce.schoolinsites.com/,3703,NC,34.85588,-77.48121,14.21,3DEP 1/3 arc-second
370345003425,Onslow Early College,3,54,Regular School,Secondary,NSLPWOPRO,10,5,15,0,09,09,0,0,0,0,0,0,0,0,0,0,54,0,0,0,0,0,0,No,No,NOTVIRTUAL,28546,,(910)938-6702,,3703,NC,34.772400000000005,-77.384001,12.95,3DEP 1/3 arc-second
370351001449,Fred A Anderson Elementary,19.63,281,Regular School,Elementary,NSLPWOPRO,278,0,278,0,03,05,0,0,0,0,86,115,80,0,0,0,0,0,0,0,0,0,0,No,No,NOTVIRTUAL,28515,,(252)745-4611,http://faa.pamlicoschools.org/,3703,NC,35.139678,-76.779208,3.4,3DEP 1/3 arc-second
370351001450,Pamlico County High,37.11,426,Regular School,High,NSLPWOPRO,147,23,170,0,09,12,0,0,0,0,0,0,0,0,0,0,119,107,100,100,0,0,0,No,No,NOTVIRTUAL,28515,,(252)745-3151,http://pchs.pamlicoschools.org/,3703,NC,35.142568000000004,-76.779219,3.28,3DEP 1/3 arc-second
370351001451,Pamlico County Middle,21.7,291,Regular School,Middle,NSLPWOPRO,288,0,288,0,06,08,0,0,0,0,0,0,0,81,100,110,0,0,0,0,0,0,0,No,No,NOTVIRTUAL,28515,9701,(252)745-4061,http://pcms.pamlicoschools.org/,3703,NC,35.138501,-76.762377,2.09,3DEP 1/3 arc-second
370351002407,Pamlico County Primary,22.23,159,Regular School,Elementary,NSLPWOPRO,278,0,278,0,PK,02,41,81,80,79,0,0,0,0,0,0,0,0,0,0,0,0,0,No,No,NOTVIRTUAL,28515,,(252)745-3404,http://pcps.pamlicoschools.org/,3703,NC,35.137968,-76.78220300000001,3.17,3DEP 1/3 arc-second
370354001452,Central Elementary,26.5,351,Regular School,Elementary,NSLPWOPRO,204,23,227,0,KG,05,0,61,61,66,78,78,68,0,0,0,0,0,0,0,0,0,0,No,No,NOTVIRTUAL,27909,7628,(252)335-4305,http://www.ecpps.k12.nc.us/central-elementary,3703,NC,36.287904000000005,-76.263391,2.45,3DEP 1/3 arc-second
370354001453,Elizabeth City Middle,37.8,576,Regular School,Middle,NSLPWOPRO,340,46,386,0,06,08,0,0,0,0,0,0,0,209,205,162,0,0,0,0,0,0,0,No,No,NOTVIRTUAL,27909,4067,(252)335-2974,http://www.ecpps.k12.nc.us/elizabeth-city-middle-school,3703,NC,36.367954000000005,-76.271092,3.89,3DEP 1/3 arc-second
370354001455,J C Sawyer Elementary,30.41,401,Regular School,Elementary,NSLPWOPRO,458,0,458,0,KG,05,0,67,86,67,72,82,94,0,0,0,0,0,0,0,0,0,0,No,No,NOTVIRTUAL,27909,6057,(252)338-1012,http://www.ecpps.k12.nc.us/jc-sawyer-elementary,3703,NC,36.289225,-76.211207,1.73,3DEP 1/3 arc-second
370354001456,Northeastern High,49.67,746,Regular School,High,NSLPWOPRO,336,57,393,0,09,12,0,0,0,0,0,0,0,0,0,0,184,188,184,190,0,0,0,No,No,NOTVIRTUAL,27909,7611,(252)335-2932,http://www.ecpps.k12.nc.us/northeastern-high-school,3703,NC,36.286469000000004,-76.25493900000001,3.46,3DEP 1/3 arc-second
370354001458,Pasquotank Elementary,21.5,281,Regular School,Elementary,NSLPWOPRO,324,0,324,0,KG,05,0,50,50,55,57,51,68,0,0,0,0,0,0,0,0,0,0,No,No,NOTVIRTUAL,27909,5815,(252)335-4205,http://www.ecpps.k12.nc.us/pasquotank-elementary,3703,NC,36.283666000000004,-76.224768,2.66,3DEP 1/3 arc-second
370354001459,Sheep-Harney Elementary,32.5,286,Regular School,Elementary,NSLPWOPRO,497,0,497,0,PK,05,152,62,43,69,55,51,68,0,0,0,0,0,0,0,0,0,0,No,No,NOTVIRTUAL,27909,4352,(252)335-4303,http://www.ecpps.k12.nc.us/sheep-harney-elementary,3703,NC,36.303113,-76.224348,1.9,3DEP 1/3 arc-second
370354001460,Weeksville Elementary,22,251,Regular School,Elementary,NSLPWOPRO,130,21,151,0,KG,05,0,35,44,43,62,52,50,0,0,0,0,0,0,0,0,0,0,No,No,NOTVIRTUAL,27909,,(252)330-2606,http://www.ecpps.k12.nc.us/weeksville-elementary,3703,NC,36.204516,-76.16813400000001,2.06,3DEP 1/3 arc-second
370354002274,Northside Elementary,29.5,419,Regular School,Elementary,NSLPWOPRO,220,45,265,0,KG,05,0,83,71,86,83,94,85,0,0,0,0,0,0,0,0,0,0,No,No,NOTVIRTUAL,27909,,(252)335-2033,http://www.ecpps.k12.nc.us/pages/Northside_E_S,3703,NC,36.363137,-76.272898,3.78,3DEP 1/3 arc-second
370354002275,P W Moore Elementary,26,327,Regular School,Elementary,NSLPWOPRO,387,0,387,0,KG,05,0,66,75,59,65,70,58,0,0,0,0,0,0,0,0,0,0,No,No,NOTVIRTUAL,27909,5642,(252)338-5000,http://www.ecpps.k12.nc.us/pw-moore-elementary,3703,NC,36.289591,-76.228613,3.23,3DEP 1/3 arc-second
370354002344,H L Trigg Community,7.89,37,Alternative School,High,NSLPWOPRO,24,0,24,0,06,12,0,0,0,0,0,0,0,0,3,5,9,10,8,2,0,0,0,No,No,NOTVIRTUAL,27909,,(252)335-1765,http://www.ecpps.k12.nc.us/hl-trigg-community-school,3703,NC,36.286173,-76.212277,2.28,3DEP 1/3 arc-second
370354002345,River Road Middle,31.67,567,Regular School,Middle,NSLPWOPRO,328,37,365,0,06,08,0,0,0,0,0,0,0,225,177,165,0,0,0,0,0,0,0,No,No,NOTVIRTUAL,27909,,(252)333-1454,http://www.ecpps.k12.nc.us/river-road-middle-school,3703,NC,36.275708,-76.197789,2.55,3DEP 1/3 arc-second
370354002537,Pasquotank County High,41.7,821,Regular School,High,NSLPWOPRO,383,69,452,0,09,12,0,0,0,0,0,0,0,0,0,0,253,186,198,184,0,0,0,No,No,NOTVIRTUAL,27909,,(252)337-6880,http://www.ecpps.k12.nc.us/pasquotank-county-high-school,3703,NC,36.365451,-76.273459,3.81,3DEP 1/3 arc-second
370354003426,Elizabeth City Pasquotank Early College,2.5,49,Regular School,Secondary,NSLPWOPRO,27,3,30,0,09,09,0,0,0,0,0,0,0,0,0,0,49,0,0,0,0,0,0,No,No,NOTVIRTUAL,27909,,(336)884-0131,http://www.ecpps.k12.nc.us/elizabeth-city-pasquotank-early-college,3703,NC,36.324896,-76.22024900000001,3.1,3DEP 1/3 arc-second
370360001473,Perquimans Central,25.99,239,Regular School,Elementary,NSLPWOPRO,215,28,243,0,PK,02,36,111,113,126,0,0,0,0,0,0,0,0,0,0,0,0,0,No,No,NOTVIRTUAL,27985,0129,(252)426-5332,http://sites.google.com/a/pcs.k12.nc.us/perquimans-central-school/home,3703,NC,36.214304,-76.460854,4.27,3DEP 1/3 arc-second
370360001474,Hertford Grammar,25,438,Regular School,Elementary,NSLPWOPRO,230,30,260,0,03,05,0,0,0,0,134,157,147,0,0,0,0,0,0,0,0,0,0,No,No,NOTVIRTUAL,27944,0397,(252)426-7166,http://www.hertfordgrammar.org/index.html,3703,NC,36.188963,-76.477878,3.22,3DEP 1/3 arc-second
370360001475,Perquimans County High,32.57,467,Regular School,High,NSLPWOPRO,207,52,259,0,09,12,0,0,0,0,0,0,0,0,0,0,109,134,105,119,0,0,0,No,No,NOTVIRTUAL,27944,0398,(252)426-5778,http://sites.google.com/a/pcs.k12.nc.us/pchs/,3703,NC,36.184421,-76.47436400000001,3.05,3DEP 1/3 arc-second
370360001476,Perquimans County Middle,27,344,Regular School,Middle,NSLPWOPRO,182,31,213,0,06,08,0,0,0,0,0,0,0,113,115,116,0,0,0,0,0,0,0,No,No,NOTVIRTUAL,27985,0039,(252)426-7355,http://sites.google.com/a/pcs.k12.nc.us/pcms/,3703,NC,36.221722,-76.47185,4.09,3DEP 1/3 arc-second
370459001788,Columbia High,17.04,162,Regular School,High,NSLPWOPRO,171,0,171,0,09,13,0,0,0,0,0,0,0,0,0,0,45,41,35,41,0,0,0,No,No,NOTVIRTUAL,27925,0419,(252)796-8161,http://chs.tyrrell.k12.nc.us/,3703,NC,35.919076000000004,-76.245535,1.43,3DEP 1/3 arc-second
370459001789,Tyrrell Elementary,23.11,250,Regular School,Elementary,NSLPWOPRO,301,0,301,0,PK,05,18,36,54,41,51,52,52,0,0,0,0,0,0,0,0,0,0,No,No,NOTVIRTUAL,27925,,(252)796-3881,http://tes.tyrrell.k12.nc.us/,3703,NC,35.913872,-76.242091,0.92,3DEP 1/3 arc-second
370459002650,Columbia Middle,10.47,135,Regular School,Middle,NSLPWOPRO,132,0,132,0,06,08,0,0,0,0,0,0,0,50,47,38,0,0,0,0,0,0,0,No,No,NOTVIRTUAL,27925,,(252)796-0369,http://cms.tyrrell.k12.nc.us/,3703,NC,35.918808,-76.247184,0.86,3DEP 1/3 arc-second
370001201488,A G Cox Middle,47.2,812,Regular School,Middle,NSLPWOPRO,314,29,343,0,06,08,0,0,0,0,0,0,0,277,269,266,0,0,0,0,0,0,0,No,No,NOTVIRTUAL,28590,,(252)756-3105,http://www.pitt.k12.nc.us,3703,NC,35.524531,-77.401058,21.77,3DEP 1/3 arc-second
370001201489,Ayden Elementary,45,599,Regular School,Elementary,NSLPWOPRO,417,40,457,0,PK,05,34,106,106,116,112,127,138,0,0,0,0,0,0,0,0,0,0,No,No,NOTVIRTUAL,28513,1536,(252)746-2121,http://www.pitt.k12.nc.us,3703,NC,35.475525000000005,-77.43215000000001,20.67,3DEP 1/3 arc-second
370001201490,Ayden Middle,20.75,353,Regular School,Middle,NSLPWOPRO,181,19,200,0,06,08,0,0,0,0,0,0,0,125,124,104,0,0,0,0,0,0,0,No,No,NOTVIRTUAL,28513,1534,(252)746-3672,http://www.pitt.k12.nc.us,3703,NC,35.471428,-77.434473,20.38,3DEP 1/3 arc-second
370001201491,Ayden-Grifton High,43.13,699,Regular School,High,NSLPWOPRO,340,32,372,0,09,12,0,0,0,0,0,0,0,0,0,0,194,182,167,156,0,0,0,No,No,NOTVIRTUAL,28513,,(252)746-4183,http://www.pitt.k12.nc.us,3703,NC,35.430252,-77.43195200000001,17.85,3DEP 1/3 arc-second
370001201494,Chicod,61.68,827,Regular School,Elementary,NSLPWOPRO,270,32,302,0,PK,08,16,104,96,100,90,112,95,94,120,120,0,0,0,0,0,0,0,No,No,NOTVIRTUAL,27834,9225,(252)746-6742,http://www.pitt.k12.nc.us,3703,NC,35.463865,-77.273152,12.86,3DEP 1/3 arc-second
370001201495,D H Conley High,91.17,1671,Regular School,High,NSLPWOPRO,415,48,463,0,09,12,0,0,0,0,0,0,0,0,0,0,439,418,409,405,0,0,0,No,No,NOTVIRTUAL,27858,,(252)756-3440,http://www.pitt.k12.nc.us,3703,NC,35.530585,-77.324777,21.13,3DEP 1/3 arc-second
370001201496,Falkland Elementary,26.63,289,Regular School,Elementary,NSLPWOPRO,320,0,320,0,KG,05,0,44,52,57,63,54,63,0,0,0,0,0,0,0,0,0,0,No,No,NOTVIRTUAL,27834,9425,(252)752-7820,http://www.pitt.k12.nc.us,3703,NC,35.669662,-77.48741700000001,24.47,3DEP 1/3 arc-second
370001201497,Farmville Central High,43.75,751,Regular School,High,NSLPWOPRO,742,0,742,0,09,12,0,0,0,0,0,0,0,0,0,0,236,188,189,138,0,0,0,No,No,NOTVIRTUAL,27828,0209,(252)753-5138,http://www.pitt.k12.nc.us,3703,NC,35.593868,-77.568892,21.42,3DEP 1/3 arc-second
370001201498,Farmville Middle,40.83,647,Regular School,Middle,NSLPWOPRO,641,0,641,0,06,08,0,0,0,0,0,0,0,212,219,216,0,0,0,0,0,0,0,No,No,NOTVIRTUAL,27828,0050,(252)753-2116,http://www.pitt.k12.nc.us,3703,NC,35.593523000000005,-77.572633,23.8,3DEP 1/3 arc-second
370001201499,G R Whitfield,35.58,419,Regular School,Elementary,NSLPWOPRO,271,24,295,0,PK,08,18,38,47,49,50,58,64,39,57,55,0,0,0,0,0,0,0,No,No,NOTVIRTUAL,27837,0129,(252)752-6614,http://www.pitt.k12.nc.us,3703,NC,35.564251,-77.181392,10.48,3DEP 1/3 arc-second
370001201500,Grifton,36.3,434,Regular School,Elementary,NSLPWOPRO,483,0,483,0,PK,08,16,46,47,44,50,59,64,48,62,60,0,0,0,0,0,0,0,No,No,NOTVIRTUAL,28530,,(252)524-5141,http://www.pitt.k12.nc.us,3703,NC,35.371921,-77.43143,9.85,3DEP 1/3 arc-second
370001201501,H B Sugg Elementary,32.33,257,Regular School,Elementary,NSLPWOPRO,421,0,421,0,PK,02,34,133,119,138,0,0,0,0,0,0,0,0,0,0,0,0,0,No,No,NOTVIRTUAL,27828,,(252)753-2671,http://www.pitt.k12.nc.us,3703,NC,35.594506,-77.575094000000007,23.35,3DEP 1/3 arc-second
370001201504,Sam D Bundy Elementary,25.33,410,Regular School,Elementary,NSLPWOPRO,407,0,407,0,03,05,0,0,0,0,139,134,137,0,0,0,0,0,0,0,0,0,0,No,No,NOTVIRTUAL,27828,,(252)753-2013,http://www.pitt.k12.nc.us,3703,NC,35.595082,-77.57699000000001,23.45,3DEP 1/3 arc-second
370001201506,W H Robinson Elementary,38.45,482,Regular School,Elementary,NSLPWOPRO,252,43,295,0,PK,05,18,88,106,93,101,98,84,0,0,0,0,0,0,0,0,0,0,No,No,NOTVIRTUAL,28590,,(252)756-3707,http://www.pitt.k12.nc.us,3703,NC,35.533863000000004,-77.399197,21.35,3DEP 1/3 arc-second
370001202139,E B Aycock Middle,48.24,757,Regular School,Middle,NSLPWOPRO,450,51,501,0,06,08,0,0,0,0,0,0,0,250,261,246,0,0,0,0,0,0,0,No,No,NOTVIRTUAL,27858,,(252)756-4181,http://www.pitt.k12.nc.us,3703,NC,35.586856000000004,-77.353778,21.52,3DEP 1/3 arc-second
370001202140,Elmhurst Elementary,26.48,332,Regular School,Elementary,NSLPWOPRO,267,10,277,0,KG,05,0,58,64,62,88,57,61,0,0,0,0,0,0,0,0,0,0,No,No,NOTVIRTUAL,27858,4433,(252)756-0180,http://www.pitt.k12.nc.us,3703,NC,35.595751,-77.36297,21.07,3DEP 1/3 arc-second
370001202199,Wintergreen Intermediate,49.07,844,Regular School,Elementary,NSLPWOPRO,260,33,293,0,03,05,0,0,0,0,307,290,247,0,0,0,0,0,0,0,0,0,0,No,No,NOTVIRTUAL,27858,9611,(252)355-2411,http://www.pitt.k12.nc.us,3703,NC,35.544365,-77.353466,22.4,3DEP 1/3 arc-second
370001202408,Wintergreen Primary,45.6,476,Regular School,Elementary,NSLPWOPRO,256,25,281,0,PK,02,17,265,243,233,0,0,0,0,0,0,0,0,0,0,0,0,0,No,No,NOTVIRTUAL,27858,,(252)353-5270,http://www.pitt.k12.nc.us,3703,NC,35.546515,-77.353413,21.38,3DEP 1/3 arc-second
370001202616,South Central High,92.13,1633,Regular School,High,NSLPWOPRO,651,76,727,0,09,12,0,0,0,0,0,0,0,0,0,0,406,447,435,345,0,0,0,No,No,NOTVIRTUAL,28590,,(252)321-3232,http://www.pitt.k12.nc.us,3703,NC,35.54125,-77.428768,21.75,3DEP 1/3 arc-second
370001202789,Creekside Elementary,46.64,515,Regular School,Elementary,NSLPWOPRO,325,34,359,0,PK,05,18,115,96,110,103,105,101,0,0,0,0,0,0,0,0,0,0,No,No,NOTVIRTUAL,28590,,(252)353-5253,http://www.pitt.k12.nc.us,3703,NC,35.536425,-77.422599,20.2,3DEP 1/3 arc-second
370001202867,Hope Middle,44.7,795,Regular School,Middle,NSLPWOPRO,170,33,203,0,06,08,0,0,0,0,0,0,0,277,250,268,0,0,0,0,0,0,0,No,No,NOTVIRTUAL,27858,,(252)355-7071,http://www.pitt.k12.nc.us,3703,NC,35.513219,-77.282908,15.47,3DEP 1/3 arc-second
370001203359,Early College High School,10.04,212,Regular School,Secondary,NSLPWOPRO,205,0,205,0,09,11,0,0,0,0,0,0,0,0,0,0,75,71,66,0,0,0,0,No,No,NOTVIRTUAL,27835,7007,(252)493-7821,,3703,NC,35.548737,-77.407273,21.28,3DEP 1/3 arc-second
